1.154737437893448293e+00,4.147384166499685221e-01,1.121985409397243005e+00,4.349621908189863495e-01
1.177504500564058310e+00,3.325743290968810606e-01,8.420377333033381984e-01,7.101838369733116663e-01
9.828032203685300727e-01,4.586479115641326487e-01,7.684663872066646029e-01,1.028279175221208375e+00
1.179400480329908296e+00,4.267480584645308994e-01,3.366053645355345791e-01,1.039341969529892440e+00
1.109146327851505909e+00,4.830043227003493755e-01,2.937321303795829147e-02,1.112360889142937070e+00
9.754416175450059123e-01,4.839889568570202583e-01,-1.488375136334659510e-01,1.191939088006010339e+00
1.020681071011915630e+00,4.686496839429068473e-01,-5.055816986032724003e-01,8.195914438535831792e-01
1.087776896096399604e+00,3.174179533915547635e-01,-6.455639887260039567e-01,8.310248358276319802e-01
1.190433225153727959e+00,3.262185191544602070e-01,-7.637736505192738168e-01,3.563187051555415374e-01
1.192278650094972692e+00,3.889169281700713965e-01,-8.542035671362809834e-01,1.667800750100188467e-01
9.904597867145406020e-01,4.417330645484790486e-01,-7.660484342982092354e-01,-1.624070907052178048e-01
1.193704711735307455e+00,4.726284213142140089e-01,-7.503102656879714338e-01,-4.190071481911942231e-01
1.190348253355890007e+00,4.109217936352355105e-01,-4.040458668684602239e-01,-7.187614820762820989e-01
1.072400428475863920e+00,5.140123000704325262e-01,-6.636736310329394151e-02,-7.959869095273821582e-01
1.151126633517353559e+00,4.886067301764183135e-01,2.167325729379787902e-01,-7.972122787249287246e-01
9.865281009519573097e-01,5.511793269327207589e-01,3.305756268408213128e-01,-9.462421469416182340e-01
1.056496836951722251e+00,4.418504710163659865e-01,6.793944063722726634e-01,-7.880486173042225984e-01
1.179990397592420415e+00,3.903034148300874029e-01,9.013166954574518552e-01,-3.440848354962507960e-01
1.149108348685042191e+00,3.354242952072028494e-01,1.122313634460555765e+00,-1.461796112711092888e-01
1.190929622893379225e+00,4.617566590614975430e-01,1.149485408845972279e+00,5.780945404108781688e-02
9.729521691640941050e-01,7.824858127484962678e-01,1.148397502205629861e+00,4.098897801560948961e-01
8.179449140184948952e-01,6.936484820331576540e-01,9.009302239844166893e-01,6.182903818555055553e-01
1.021299320842141700e+00,6.104910737393329789e-01,6.392922171687718258e-01,8.761266997242682653e-01
1.042515306314335088e+00,6.544031249872412914e-01,3.306836312238304876e-01,1.015518058823304592e+00
9.787007830893907911e-01,6.261994316902997904e-01,1.929834792747768812e-01,1.082916309685657330e+00
9.984520270195308411e-01,6.580365779259408354e-01,-2.575983640087573523e-01,9.891150195108902032e-01
9.948001114061765238e-01,6.978065370429034076e-01,-4.907173445305226256e-01,8.960189093039758745e-01
9.070737492584894923e-01,7.195709377326362510e-01,-6.710723613856404146e-01,6.181998658694047855e-01
9.728864669193366677e-01,7.021413437143916303e-01,-8.938182032893785545e-01,5.300552588123625952e-01
8.518136663278379483e-01,8.066281519435193337e-01,-8.395148449002032276e-01,2.356959751603663819e-02
9.855285163798496173e-01,7.172982793827491488e-01,-8.299364231956085636e-01,-7.650683784807502108e-02
8.169752059693026203e-01,8.236909084295700456e-01,-7.710556130958807763e-01,-4.880302600338341512e-01
8.782477406151699695e-01,7.472125268105166418e-01,-3.923022606454728001e-01,-7.971666288676596546e-01
8.205598420327359088e-01,8.272087372528689198e-01,-2.838654137843421577e-01,-8.654631405049686421e-01
8.332999396839093631e-01,6.479620111625131740e-01,7.351658343965693232e-02,-8.160084602799589915e-01
1.014881451456770556e+00,7.568158282584110941e-01,3.683602493013420354e-01,-7.523859769617022852e-01
9.827241501189016848e-01,6.600513952110923510e-01,7.205033165494549863e-01,-6.727905198137796861e-01
8.882918643901626110e-01,7.557372936460269308e-01,8.318916772098003953e-01,-4.162293865464631315e-01
1.046572506584536155e+00,7.615703771804074318e-01,1.052385371265301295e+00,-8.560882039154721346e-02
8.176285145006746413e-01,6.047834444099757789e-01,1.026211561778939130e+00,1.369794747993286453e-02
6.974713422065726975e-01,8.727145335241988100e-01,9.791275068341601662e-01,3.849323393042013430e-01
6.831748665657252362e-01,8.650270020810021387e-01,1.005123967060925549e+00,5.993331413753600900e-01
7.791644493297237295e-01,9.759751761283765870e-01,6.606778317692059144e-01,8.578861852833969959e-01
7.865852275767388768e-01,1.020115033506748592e+00,4.599003540626691588e-01,1.131097966924284881e+00
6.345034034310678139e-01,8.951325972002079912e-01,2.411056668039753825e-01,1.180438318374824158e+00
7.102263512395309286e-01,1.004146907557786905e+00,-2.008957458823570907e-01,1.170506284083035364e+00
6.991818024701980105e-01,9.778500108116973122e-01,-4.140972036379879651e-01,9.546252354968000065e-01
7.493635048202893501e-01,8.106958229545668804e-01,-6.194921755525838458e-01,6.054563361391357423e-01
7.651264600069912492e-01,9.595596162703963206e-01,-8.428959347583784290e-01,5.397031369222204944e-01
7.764569227880633306e-01,9.057097930051936086e-01,-8.361254900491156272e-01,2.000930230877768778e-01
6.567915215421177288e-01,1.038014805407803776e+00,-9.236177536143908018e-01,-2.375302802698564808e-01
7.577109215058918101e-01,8.093047586572242880e-01,-5.755770322786143423e-01,-4.518694440821325875e-01
7.515597532859332741e-01,9.246292841855295874e-01,-5.409200506870516234e-01,-5.628229351322948659e-01
6.284381860911307793e-01,9.151042543287912778e-01,-2.424722846480378557e-01,-7.721369995134981234e-01
6.175346726820672982e-01,9.242460858821884839e-01,1.994575650528990773e-01,-7.902576006674999487e-01
7.123762652880089030e-01,1.001556926527099822e+00,4.309179382334281661e-01,-8.427413760431665679e-01
8.277212419214934336e-01,8.896349461716420715e-01,7.800248183071901709e-01,-6.913608154733124067e-01
6.728816839590063825e-01,1.005201818065132757e+00,9.080186806794161569e-01,-4.476068995313343679e-01
7.341021900374175013e-01,9.268562828026003508e-01,1.019291214826076208e+00,-2.417441084921982397e-01
6.437382371652573543e-01,8.179576776922269365e-01,1.009308658517582113e+00,1.872546169104862823e-01
4.968337592013606363e-01,9.950251202160362851e-01,1.119380244822316905e+00,4.349889377400695256e-01
3.727907732397647278e-01,1.131496024642929088e+00,9.164081091879107133e-01,7.494876688606681991e-01
4.355062572912330454e-01,1.069428014536483618e+00,7.007200610186570255e-01,8.859533898826825737e-01
4.837861750391189153e-01,9.892368164047115053e-01,4.614812866975014360e-01,9.857376753146896986e-01
5.317428075088970196e-01,1.036337668057430772e+00,1.485082421456935219e-02,1.118893233449390845e+00
5.488398506763085827e-01,1.102903819737240276e+00,-2.300641347902308287e-01,1.041671336499840228e+00
4.458208768658982191e-01,9.989928301606030292e-01,-3.946047195767393712e-01,1.006045351474584182e+00
3.436731050821172362e-01,1.135663226289388872e+00,-6.349087471234236002e-01,7.828592075035006870e-01
3.463404957647118199e-01,1.011768915874695862e+00,-9.197234710178585626e-01,4.761450479383337320e-01
3.733940579058815379e-01,1.180412601807499184e+00,-9.674621374026440845e-01,3.337596491532819620e-02
5.191963083708630577e-01,1.018321912966658083e+00,-9.279684316153532508e-01,-3.036280225740730643e-01
3.725875391178302132e-01,1.142431520450513105e+00,-8.070619209826137563e-01,-4.478250758243456087e-01
5.125882008921515132e-01,9.982220104930262794e-01,-4.820079060014316186e-01,-7.338122398575750438e-01
3.698982365561948038e-01,1.022931059561686284e+00,-1.451237006404689778e-01,-7.162040878267890154e-01
5.413329001717543942e-01,9.738348822167872676e-01,1.807306311730058901e-01,-7.547740909882851845e-01
3.965129358711496632e-01,1.095108861460905247e+00,4.418193177705569408e-01,-8.794014190715888635e-01
3.581658069827494684e-01,1.121897327118816845e+00,6.149897368607342152e-01,-6.088119226370638515e-01
3.717879588689552151e-01,1.087704794942734310e+00,9.669585877570695542e-01,-3.637574144343224125e-01
4.630281634116072409e-01,1.057488726762950471e+00,9.826814826274792303e-01,-1.596353501704902145e-01
4.273392066006297396e-01,1.112167211652987708e+00,1.033575826078393600e+00,2.210041839309546952e-01
8.791487676574924470e-02,1.161904407543171036e+00,9.757050394729029907e-01,5.449498796738951878e-01
2.077071569740727708e-01,1.169754188523300487e+00,8.445238064829295732e-01,7.250747741474488084e-01
1.463160227881811215e-01,1.158946677628520883e+00,6.298480769153550485e-01,9.911137005235366448e-01
1.374309020727849384e-01,1.236293528277350395e+00,3.580792249391863136e-01,1.095246090759655955e+00
2.292984159574525671e-01,1.052233730606505713e+00,7.936994378735889866e-02,1.006464367770784962e+00
7.145975470509344230e-02,1.177320425677636173e+00,-2.299097445883745983e-01,1.062689260866357177e+00
1.893000572776803725e-01,1.059057644248449170e+00,-5.333944249367679191e-01,9.705924837126113092e-01
1.884322735696238871e-01,1.029849061949326350e+00,-7.462565328710133450e-01,7.180859904605778610e-01
9.511146174383922069e-02,1.151825985171408551e+00,-7.278259149736592271e-01,4.020951595698255554e-01
1.419554101813053359e-01,1.112534424241474085e+00,-8.241941938609271823e-01,2.342836665853906819e-01
1.896357239076596618e-02,1.114681373412216958e+00,-8.121220306153069668e-01,-1.016337882433185624e-01
1.348752966665184815e-02,1.165486187976412902e+00,-7.629085774355341965e-01,-3.755138823038592366e-01
1.326993882522432278e-01,1.192571378700915119e+00,-5.347775416593930631e-01,-7.158834344000624128e-01
1.947918075255028469e-01,1.087554503360276259e+00,-2.896802923467783897e-01,-8.027603724905310045e-01
2.335026710572958020e-01,1.165502399589783522e+00,2.284501026948917712e-01,-7.818618588381103240e-01
3.247655211843259587e-02,1.104039647492449205e+00,4.856957987991799008e-01,-7.176811141683773210e-01
1.422059152180482344e-01,1.210482288172827214e+00,7.272324939811919409e-01,-6.419009257846036709e-01
1.173476602645515121e-01,1.208229204768803910e+00,8.873742418590951919e-01,-5.360911378086971046e-01
2.975517375310410360e-03,1.064110248057286823e+00,9.926074070206911681e-01,-1.455543463593005904e-01
8.428066109972043307e-02,1.153365184203218874e+00,1.155624314819973852e+00,1.801288780516222335e-02
-2.684714173266366521e-01,1.096618807426960496e+00,1.198040200033277269e+00,4.106987231472883360e-01
-1.104458592039705978e-01,1.086241350576256037e+00,8.516250001391683089e-01,7.545181355943477719e-01
-2.312132338637461204e-01,1.168541774384655563e+00,6.522333149354764270e-01,1.042448409261429898e+00
-1.768837104983941588e-01,1.017251272914061033e+00,4.082168240332333387e-01,1.153794024354719783e+00
-2.676048120000020791e-01,1.030575035165418374e+00,1.849869239423455186e-02,1.121137067958747568e+00
-1.585215090245382097e-01,9.808601515587014319e-01,-1.379929776344450965e-01,1.140243818811531806e+00
-2.432741732399112677e-01,1.186013883881383846e+00,-4.871881691184325458e-01,9.132788578106392219e-01
-1.454972197557517777e-01,1.112444485038284636e+00,-5.633081940264595966e-01,8.307317505397967539e-01
-1.367133685899453999e-01,1.070922322532375626e+00,-8.505105199895324208e-01,5.560106696826554451e-01
-1.219790961690199738e-01,1.110885756555180848e+00,-8.448320132001053695e-01,2.160368822578007941e-01
-1.963815947493229019e-01,1.087235543926844406e+00,-9.124640649253354940e-01,-2.117960503968401575e-01
-2.880616498757141986e-01,1.112884386368435674e+00,-7.136806932638294354e-01,-4.740997952826950801e-01
-2.517727521957426329e-01,1.087027999795063371e+00,-5.475017593301330088e-01,-7.473451949654275062e-01
-8.068265399952995187e-02,1.131318171440106379e+00,-1.194888865430929203e-01,-7.549507430391092511e-01
-2.709224896326415943e-01,1.081680342739429257e+00,2.177777804788471050e-01,-7.792905986042368838e-01
-1.025627500025604877e-01,1.199482672325366650e+00,3.967111805964204096e-01,-7.226285959718991014e-01
-1.744313855599330665e-01,1.005725674395061997e+00,7.591691794793572479e-01,-6.694457634693787851e-01
-5.998331521822597434e-02,9.775060846077107124e-01,8.825541528169097427e-01,-4.380682266059220398e-01
-2.894731121866513934e-01,9.784808824259522142e-01,1.083713842259374838e+00,-2.717978142905603800e-01
-1.983474269310857574e-01,9.669543590389300114e-01,1.208105846571295938e+00,2.249283711339343794e-01
-5.611220597473269844e-01,9.101619933393538808e-01,1.100429064263298340e+00,4.216153895379762817e-01
-3.473107320787096053e-01,9.211102223915712539e-01,8.928448270512590046e-01,6.392033371584640022e-01
-5.866266962589561373e-01,9.004710385844902909e-01,6.625915081257498507e-01,1.033929742002217544e+00
-3.940576361145974316e-01,9.998931545871507787e-01,4.221651297672784908e-01,1.141702901138460291e+00
-3.834594471291147832e-01,9.659910892784896452e-01,1.056614133051156645e-01,1.220621576850074552e+00
-3.706115759515956065e-01,1.002012090763508834e+00,-2.191154148818884317e-01,1.022294070801359034e+00
-5.666762909147454730e-01,1.042230386944652309e+00,-4.482054523251487455e-01,9.773234909880118559e-01
-4.878395900177489031e-01,1.052202207875700957e+00,-6.233806529494625437e-01,7.538552283969859324e-01
-5.228176515798095281e-01,8.570240817318911519e-01,-8.449728203887308942e-01,3.397207428498290049e-01
-3.877681322363961680e-01,8.437355450822362490e-01,-8.926610528559487667e-01,1.018296057642033431e-01
-4.799317954265868713e-01,9.830835786456961767e-01,-9.198383266152003745e-01,-2.401952565460247768e-01
-3.601233536850922956e-01,8.324720010686638139e-01,-8.029084903623540104e-01,-4.086178171326876329e-01
-5.423234952167599321e-01,9.403680953397813846e-01,-5.152389360097914262e-01,-7.381708989677132626e-01
-5.218345231619755387e-01,9.416030489731632702e-01,-2.296368486501409734e-01,-7.270068020827796795e-01
-5.514005071962937432e-01,1.024301947223280607e+00,1.634225334916185879e-01,-7.933552769216098977e-01
-5.537681126153071176e-01,9.302303277629728750e-01,5.482509753926182450e-01,-8.535498880916542186e-01
-3.704622003824507015e-01,9.073810846787639939e-01,8.217179704886929947e-01,-6.845412586339009176e-01
-4.428591054510804814e-01,9.768747792934540097e-01,9.234885778385391042e-01,-4.140839541243498956e-01
-4.503202018333900547e-01,9.943314802384990436e-01,1.011176115503174655e+00,-1.004247440999631868e-01
-5.515465527365412957e-01,9.390301112225440949e-01,1.190974486071619598e+00,1.524074224189328475e-01
-5.957592149444739249e-01,6.747134201118545338e-01,1.140888362077927543e+00,4.527012845890494019e-01
-6.535032115036808475e-01,6.252845657503940391e-01,9.941790106196010113e-01,6.692957950231709363e-01
-7.212788991518795934e-01,7.343082691003387508e-01,7.737073376643046618e-01,9.231231445878842479e-01
-6.807046094081840026e-01,6.533215817244251156e-01,3.354970985581388065e-01,1.129505412103437134e+00
-7.085649859369619330e-01,5.988987753620328425e-01,1.703901076175789731e-01,1.221101261318998654e+00
-7.900253214522368062e-01,7.765185691002680635e-01,-1.932018497265175494e-01,1.131270433999386427e+00
-7.490379559865327774e-01,6.484815917477136926e-01,-5.347444509787394606e-01,8.136701880565440081e-01
-7.781872606661559555e-01,6.983858305429591073e-01,-7.843873099529202753e-01,7.564793690745447163e-01
-7.630400473043431608e-01,7.597342735725000074e-01,-7.451628978131938918e-01,4.186442004340756862e-01
-7.490288629587216196e-01,6.775923048929384240e-01,-9.562475656544801028e-01,1.094550447915676322e-01
-7.047002271038549370e-01,7.718702708677737112e-01,-9.101640388489053990e-01,-2.797577894985328051e-01
-7.966033867935118362e-01,6.864621211121639810e-01,-6.425201902721697778e-01,-3.841148299128274712e-01
-5.833379668961270470e-01,7.586392190344678488e-01,-3.641879084539125788e-01,-7.278031347173200549e-01
-5.728201969445358976e-01,7.637971098760397703e-01,-1.798774422871299572e-01,-8.894994877364932329e-01
-6.863009712579273280e-01,6.983616056383159520e-01,1.756755767376186328e-01,-9.143216947191801225e-01
-6.867038347749425675e-01,5.926796581808029263e-01,3.474145885297972858e-01,-8.571334812927565716e-01
-7.245871419196030505e-01,6.704997223459909783e-01,8.261495197640348342e-01,-6.723785461042077749e-01
-5.840035327705318524e-01,6.938626265007575844e-01,9.442380146853164291e-01,-4.473052137259792005e-01
-7.167052990948935554e-01,6.553528581504896033e-01,1.120989990847770290e+00,-2.100614372189473777e-01
-7.812163055515004562e-01,6.370487018163372150e-01,1.009140754512113158e+00,9.953271988283371452e-02
-7.559934992148690247e-01,5.144472906152749436e-01,1.153357479118601869e+00,4.378587991778404853e-01
-8.536218070548401426e-01,4.164973467207641056e-01,9.961717123189967049e-01,7.521678878164508308e-01
-8.906336948166952983e-01,5.309597329390359777e-01,6.178320067892433265e-01,1.046745793941187275e+00
-8.500784798981249057e-01,4.068127432402383059e-01,4.402782855655996697e-01,1.131643644877027954e+00
-9.269428850030563272e-01,5.012955912220213861e-01,8.145840719081234860e-02,1.100019936340584481e+00
-9.180631931435697668e-01,4.082148736283516266e-01,-1.724046343991802177e-01,1.159024351127606156e+00
-7.155438686012822735e-01,5.111455183467837893e-01,-4.880650641966732817e-01,8.426015798071244678e-01
-7.120228812377029648e-01,4.977862691267184170e-01,-7.052436477216856847e-01,6.029019452774303511e-01
-8.072543675255371420e-01,4.033658805837232464e-01,-9.058720762314549368e-01,3.300787574536123703e-01
-9.361116305583645492e-01,3.630217233652960895e-01,-9.361533148779872526e-01,4.097457958242718690e-02
-8.923615379520519753e-01,5.066187988666758235e-01,-9.459225726306075277e-01,-2.279620143014350342e-01
-8.627668734896357661e-01,5.463429723373967040e-01,-5.780980912198456778e-01,-5.123535579913112148e-01
-7.457580062456637959e-01,3.909083528937488117e-01,-4.243602800404100428e-01,-8.060967465923624120e-01
-9.472056568822647682e-01,4.768330869878824596e-01,-7.586360136280653754e-02,-8.160802428327471603e-01
-9.403005658807015443e-01,4.186782400216864097e-01,4.087809213188121904e-02,-9.761568268430446116e-01
-9.088090089294774687e-01,5.173921432721912961e-01,5.392913083479966563e-01,-9.144278021845957394e-01
-7.887776475560405176e-01,5.012305574823512355e-01,7.864497236396612578e-01,-6.512316926212088353e-01
-7.681259198804859523e-01,3.508303807486279347e-01,9.533655435516095178e-01,-3.729551494352770225e-01
-7.891200255110768502e-01,5.245121140504656054e-01,1.061065415235217024e+00,-6.546158656526929187e-02
-8.383255896874173274e-01,5.564850327828234633e-01,1.064403434178109453e+00,1.427096068680456242e-01
-8.632477769284137015e-01,1.286058641264262170e-01,1.139043114762015918e+00,5.582295480186845182e-01
-9.259197985980567314e-01,2.210702557817389446e-01,8.661843649013227786e-01,7.261706456663562514e-01
-8.138267982314609794e-01,1.470065138271244853e-01,6.038320241404477873e-01,9.378816080850289616e-01
-9.527612462418638684e-01,3.868808716401130054e-02,5.008493720690910811e-01,1.033727032792720379e+00
-8.283061416586712244e-01,4.996570571436313724e-02,1.678005463391339380e-01,1.107500449598349146e+00
-9.541222110656826239e-01,1.017387092847268221e-01,-1.302138656784873061e-01,1.074008079696089801e+00
-9.078788508774158217e-01,1.871764295539229683e-01,-4.272700451840099611e-01,8.267762653531856021e-01
-8.435953598175773838e-01,2.063959539465390070e-01,-7.042549209687265499e-01,8.097200561756522363e-01
-8.049431412121558216e-01,1.974907574861328174e-01,-8.533659957441098731e-01,3.251753921376646095e-01
-9.797185577835536563e-01,7.963106134974816397e-02,-7.959649742811693018e-01,1.090462389328622078e-01
-7.676535072578174468e-01,1.335160318426817094e-01,-8.716995503811912904e-01,-1.023596177202243385e-01
-8.060718303478994207e-01,2.248766969264538382e-02,-6.053820511497846057e-01,-4.891515812342146496e-01
-8.783020918992069381e-01,2.792643604830098367e-02,-3.905168735577336792e-01,-6.556482739486317879e-01
-8.910353528547702018e-01,3.407313723457479349e-02,-9.595102178898615164e-02,-7.463963325246012470e-01
-8.883040626425484643e-01,1.696630762000471693e-01,1.264091543929388439e-01,-7.784412402343483528e-01
-9.234126319958606555e-01,1.237942547724152770e-01,4.679323415902914562e-01,-7.182786094233484242e-01
-8.728728361547182235e-01,4.742760150439516431e-02,8.255088561370067524e-01,-7.613208323726670113e-01
-8.723071089569726100e-01,1.237514562475553331e-01,9.200080331296499603e-01,-5.231396894377802198e-01
-7.955930729194344853e-01,3.690205549417228947e-02,9.660612212400225829e-01,-8.455057316487282759e-02
-8.012921457791367663e-01,1.374353672654716856e-02,1.216687474249829704e+00,1.483404650965269855e-01
-7.899769837467307543e-01,-9.633882580269542695e-02,1.108853699862406339e+00,4.349770148366594036e-01
-8.564041706300865586e-01,-1.688771125362260872e-01,8.977854073446597249e-01,7.409876495013629771e-01
-7.481614017245343806e-01,-7.661477768578148217e-02,8.370360701941350623e-01,1.013872554932916392e+00
-8.178501190952899291e-01,-1.348501942361403916e-01,3.650598691207292412e-01,1.084028808668384913e+00
-8.633747404009328719e-01,-1.633192530809872700e-01,1.631127682421537883e-01,1.050518774137107814e+00
-7.163061257951819361e-01,-1.051676915055919925e-01,-1.577693338978825022e-01,1.064529882715284037e+00
-7.320708134219077179e-01,-8.926351822565284366e-02,-4.909738944216892609e-01,9.159947243299901842e-01
-8.135174305705481501e-01,-6.178909035505000813e-02,-7.734702045523212943e-01,8.292984396954730109e-01
-7.954377447948467461e-01,-3.088864005357110920e-01,-9.447727698676027241e-01,4.640307579083159384e-01
-8.042953401622994214e-01,-9.265734662169114455e-02,-8.947219365586897011e-01,1.738474879795010031e-01
-8.991209431118964979e-01,-1.558753770039476017e-01,-9.050314439382758369e-01,-1.289758413704524265e-01
-8.757449337252809496e-01,-6.152944294773957101e-02,-6.275731775075841234e-01,-5.010614547205696212e-01
-8.333256791657559504e-01,-1.770969770403366950e-01,-4.951945806636737224e-01,-6.797693892436198482e-01
-8.934344762422640196e-01,-1.891361480723925959e-01,-9.862697250789603798e-02,-8.118828582921280290e-01
-7.399793181213063509e-01,-1.086800929944592153e-01,1.835574227983280959e-01,-9.608761952214888158e-01
-9.023654439033913510e-01,-2.520562604484368197e-01,4.517734625810419513e-01,-8.105425049047099151e-01
-8.945760710520539449e-01,-1.844934215758498586e-01,6.319990166987985436e-01,-6.353161720978335314e-01
-9.083795045081890507e-01,-8.380387224194607576e-02,1.048363000023878167e+00,-4.811713683649140316e-01
-8.941404418410152655e-01,-1.653516895924003749e-01,1.017387025343383655e+00,-9.994938920586909914e-02
-8.421318452691788359e-01,-9.772244811143812604e-02,1.231145223809900324e+00,1.828467665404830134e-01
-7.312414227123442689e-01,-4.031251792936225709e-01,1.006999117469413729e+00,3.990247548963903323e-01
-5.781720838491364312e-01,-4.412884933358540707e-01,9.024079462856087197e-01,7.013383452558228370e-01
-7.014651465425514321e-01,-5.261016207959793300e-01,6.096603396866195901e-01,9.056144690229905869e-01
-7.628129143439134063e-01,-4.211811979626060021e-01,4.690461314366262124e-01,1.144945176857787406e+00
-5.827967522049741778e-01,-5.669145488918173603e-01,4.515422193827715175e-02,1.183567776421484918e+00
-5.640798997859262087e-01,-4.312953059995772165e-01,-2.977542175065537866e-01,1.058625977563692588e+00
-6.992995010934216493e-01,-4.225491128056374501e-01,-4.069918824966992088e-01,9.824551379084258684e-01
-7.812371885147977313e-01,-4.053472884631677542e-01,-7.221575829794998347e-01,8.240886240845883837e-01
-7.445008203969307736e-01,-3.650972232111424631e-01,-7.859023101694275759e-01,5.050751439328826642e-01
-7.068370328468094321e-01,-3.422094465715714295e-01,-9.040328497320071488e-01,1.763929645327673157e-01
-6.602929758727938969e-01,-3.955279809584989481e-01,-7.942198906842868888e-01,-2.816834344938608514e-01
-7.434640574297360915e-01,-4.424236303236235845e-01,-8.036045407173708632e-01,-4.903025880033518025e-01
-6.583062220294266798e-01,-3.557069867139260322e-01,-3.601427551617161216e-01,-6.612908117736132629e-01
-6.312130492665266601e-01,-4.427626608528626440e-01,-1.088773303052447960e-01,-8.362115043035721618e-01
-7.535803108706373710e-01,-5.835395177081577067e-01,1.864618710856801032e-01,-9.874150033152614414e-01
-7.796625816609960014e-01,-5.575703595178335137e-01,5.122951977776374344e-01,-8.938846202900984084e-01
-7.348480260703657008e-01,-3.721075726175556153e-01,6.836118319488552197e-01,-6.004697291107227164e-01
-7.293224188934768204e-01,-4.667111244894474043e-01,9.633368024540596153e-01,-5.838740791183416601e-01
-7.029753044464956968e-01,-3.765713336484072249e-01,1.094930231220857086e+00,-9.308927811098119398e-02
-6.820524232096678574e-01,-5.354339812872392912e-01,1.132512926191253877e+00,1.951726325810832288e-02
-5.664063030199621984e-01,-6.709441589902536140e-01,1.019823955250637404e+00,4.762776418953362789e-01
-5.221646936178900855e-01,-6.515461481088420381e-01,8.711742342904400527e-01,7.128380833627487867e-01
-3.875315966000385526e-01,-8.010192404343056127e-01,7.006949449054663548e-01,8.635154440624858152e-01
-5.804801829019367032e-01,-6.553386395956621868e-01,3.659452008815843316e-01,1.093960447646175727e+00
-3.555717174229621191e-01,-7.184141288066842046e-01,2.011123959032675712e-01,1.030547287730855022e+00
-4.052025365786100508e-01,-7.966338496144320658e-01,-6.249093390095480927e-02,1.118848074542316828e+00
-4.656330088415784330e-01,-6.866244970806169023e-01,-5.802872647251255955e-01,9.589133814056509664e-01
-4.431539870366135170e-01,-7.608893953594286774e-01,-6.751009467081379167e-01,6.017792916394208991e-01
-5.284643573495928504e-01,-7.782460574884610960e-01,-9.292872113199304174e-01,3.231027490107867273e-01
-4.730730452474904979e-01,-7.576434516480273773e-01,-7.994771398610489577e-01,3.812515925061769895e-02
-3.470131174707450361e-01,-7.723882667212248476e-01,-7.037702888700686499e-01,-3.041117276835512695e-01
-4.510838226077312774e-01,-7.617489507567938301e-01,-7.922804297755099423e-01,-4.789913658682350972e-01
-4.575012945914728735e-01,-7.983538916471615288e-01,-3.529356618213395080e-01,-6.009616255542429286e-01
-5.298866556153423168e-01,-6.502175151599768332e-01,-3.044726109657736046e-01,-7.967089734316324945e-01
-4.655608163124315135e-01,-7.385502804048398318e-01,1.709596534365886433e-01,-8.699676461723144794e-01
-4.317702302490508681e-01,-6.743678248636122419e-01,5.049511143957519099e-01,-7.350894605617509514e-01
-4.180013670760363009e-01,-6.352262345138643962e-01,7.213196442631549798e-01,-7.845925148345868072e-01
-4.889064483753249868e-01,-6.842379910042999391e-01,1.030356857107732838e+00,-3.607722014957810419e-01
-4.959260901563541379e-01,-6.750667304371690269e-01,1.175807741021688502e+00,-2.820128208407578496e-01
-3.407897515020650303e-01,-6.977212030509367668e-01,1.156484406520124075e+00,1.292491895242359745e-01
-2.995822778150595278e-01,-9.200734468956359713e-01,9.855237643982930340e-01,3.448059998958414307e-01
-8.772499232432873217e-02,-8.284671929281489655e-01,8.634673928029785728e-01,7.276278953932241444e-01
-8.069528746513782158e-02,-7.378069774599494979e-01,6.333205212650815374e-01,8.101619003617783754e-01
-1.099710259786445543e-01,-7.325746648297202235e-01,3.194719603681860365e-01,1.142727015950525393e+00
-2.843389247110539864e-01,-8.834829332219791276e-01,2.673541463755180897e-02,1.212177306614570682e+00
-2.435491984072685467e-01,-8.989411766073250876e-01,-1.549061231035260555e-01,1.180261833858588183e+00
-2.251777843842484306e-01,-8.098116236106032151e-01,-3.528699997522063425e-01,1.055759063070861981e+00
-1.390850065306130645e-01,-7.909785600044639819e-01,-7.204030616331151826e-01,7.140685277421788824e-01
-2.748787100361051450e-01,-8.467992783844320304e-01,-8.483992437802749809e-01,3.768724004793262417e-01
-1.287101197295125177e-01,-8.995626374120926361e-01,-7.539126457538871673e-01,2.518762798030902902e-02
-2.823265289731372030e-01,-7.140732359718613420e-01,-7.146617190363380168e-01,-1.820547866675631399e-01
-1.455776572078076592e-01,-9.305387145207220101e-01,-6.398558247665626642e-01,-4.413829708670033991e-01
-1.854735102151300330e-01,-9.246291596497231424e-01,-3.407096867141516938e-01,-6.182952203972621463e-01
-1.142540635671287774e-01,-9.155462358191539529e-01,-1.173091475707989939e-01,-9.303158540175175961e-01
-1.302577247747740419e-01,-9.094414060760482865e-01,8.417481609786885144e-02,-8.346009517293214719e-01
-8.308685423586847918e-02,-7.958168553113265098e-01,4.746124594748175607e-01,-8.218117626186003388e-01
-8.628636829225025395e-02,-8.076290750848540423e-01,6.488265739900427320e-01,-7.662549899935857667e-01
-2.254762311905735006e-01,-9.380370437236861259e-01,8.828938070828464824e-01,-3.531457862095127576e-01
-1.343305362912489420e-01,-7.182561701430911771e-01,1.121101109102779159e+00,-1.613962000893046922e-01
-2.595645377034652701e-01,-7.688910958755856839e-01,1.131961707604699496e+00,1.101586701902097787e-01
7.635236576158981742e-03,-8.155395865506024355e-01,1.053954894647037177e+00,5.444967269527680731e-01
1.860185650918654010e-01,-9.841488748267954723e-01,9.596765488840467428e-01,7.517637073567584594e-01
1.250056088975500246e-01,-7.848898592404420782e-01,7.754152662734070667e-01,9.220034216900439006e-01
1.199805352865149360e-01,-7.663987202596966863e-01,4.549002879404371313e-01,1.160980871475070675e+00
2.261805595168404903e-01,-7.539004219397571482e-01,1.379481287339919260e-01,1.133155875618586661e+00
1.524666621056394167e-01,-7.852652958290334828e-01,-1.631243396855187322e-01,1.089528282742972420e+00
1.544165973971134698e-01,-8.036102526837423099e-01,-4.598302723028542260e-01,9.790333768957876215e-01
2.148605764115528727e-01,-8.716556453531062454e-01,-7.883688126252724748e-01,6.795827286218151242e-01
2.013723561324212152e-01,-9.555993848735337970e-01,-7.711639825802810710e-01,3.688396459233338476e-01
1.441803789036710803e-01,-9.003526258160392537e-01,-7.509609721757826151e-01,1.447308731147735061e-01
4.573061735372831171e-02,-9.665171872530071706e-01,-8.624229400559231262e-01,-9.229523070682033037e-02
5.998300264217916455e-02,-9.922776128137621443e-01,-5.662022905790959904e-01,-4.860910622386666047e-01
2.216279832690251361e-01,-7.652145734826130141e-01,-5.011730619673833154e-01,-7.808632091186856750e-01
7.168538116026339918e-03,-9.246734838534019785e-01,-8.738102893487098566e-02,-8.400950571134142564e-01
1.224753471280557865e-01,-9.261165413811609515e-01,1.136737162479767721e-01,-9.249538996965249726e-01
4.198178642056400733e-02,-9.167659295409561482e-01,4.123738166301510466e-01,-8.507098028415304158e-01
2.446701624102894934e-01,-8.832329532427869445e-01,6.422182693817980459e-01,-6.006761035116640057e-01
1.781736179197283276e-01,-8.379503983834607483e-01,8.404306412156039574e-01,-4.868780865990716133e-01
1.251179060387105635e-01,-9.936929546267408986e-01,1.028285164686857378e+00,-2.114730098422959725e-01
1.177720936354846454e-01,-7.894483468951664085e-01,1.181526107916208046e+00,9.011222334473589779e-02
3.239217112698570267e-01,-8.112983800479798280e-01,1.146774534539934276e+00,3.440808341923085045e-01
4.795099704122129936e-01,-7.375315289767928606e-01,9.824638981216717859e-01,6.528178008205831606e-01
3.196247787501326210e-01,-8.640867177133383370e-01,5.902358153582386580e-01,8.307207695914058387e-01
3.268783605251078250e-01,-8.395498542813779608e-01,5.198203288775748998e-01,1.058405850566604745e+00
4.394294549910181535e-01,-9.374966451848711912e-01,2.305829994490689872e-01,1.064320696192464943e+00
3.331995008201639741e-01,-9.067796328478763268e-01,-1.162784392064662164e-01,1.025445362332933152e+00
5.135541328398534056e-01,-7.853545008049100939e-01,-5.771202883087108715e-01,9.152315973011039274e-01
5.134037673947687841e-01,-8.683492674943275036e-01,-7.144704601123925691e-01,6.175870671477949880e-01
4.896268924666578037e-01,-7.264349818365787304e-01,-7.749716101743115981e-01,4.327837253250622629e-01
3.464833549944389413e-01,-9.215177166834760403e-01,-8.176217386238382456e-01,1.766018068843902278e-01
4.739183076020240248e-01,-7.039520340989084968e-01,-8.949872486290250118e-01,-2.481236512047095832e-01
4.386657300025817996e-01,-8.160609915356713540e-01,-7.417533114316061660e-01,-3.915177318089715364e-01
5.522606330659128870e-01,-7.743271614644628986e-01,-4.195274610414435057e-01,-7.904946001597156213e-01
4.712648675530362596e-01,-7.011836112707274804e-01,-1.896439449432322510e-01,-8.525856595497294244e-01
5.090996382130476006e-01,-8.790941800913693038e-01,1.559291031668604277e-01,-9.991514692589231750e-01
4.224664215566771297e-01,-8.474258815718764826e-01,3.681282275351748234e-01,-8.958872933118976478e-01
4.171148703208126252e-01,-8.348465308888692871e-01,6.320661909170520731e-01,-8.086918521997985554e-01
5.153454432254586104e-01,-7.600672466721645204e-01,1.016427840799343452e+00,-5.404903345437895856e-01
3.298844480896757636e-01,-7.465055065682359992e-01,1.142786933278969741e+00,-2.733959806697047190e-01
3.423097462767376586e-01,-9.260011312462808064e-01,1.233619568279567424e+00,6.701899978084374654e-02
6.311324055722242754e-01,-7.644877559032559056e-01,9.780287425662443912e-01,3.527400107088931036e-01
6.855197028734067999e-01,-7.191082660044274544e-01,8.545738707752114083e-01,6.224474951906219244e-01
7.956301880022402795e-01,-7.948408221078747671e-01,6.125590728980877531e-01,9.587383969669136530e-01
7.886263501930830255e-01,-6.785455759596277225e-01,4.314579448558091834e-01,1.176320992715834901e+00
6.029030470849463530e-01,-7.250547507057164554e-01,4.831133261721768518e-02,1.234844941471059609e+00
6.875996949458668128e-01,-7.650997369560323946e-01,-8.504410092680528277e-02,1.006352630279923055e+00
7.195042099195468888e-01,-7.567803258766636620e-01,-5.630128398720193328e-01,9.296848382240509023e-01
6.919851192751695912e-01,-5.827286046238315809e-01,-7.979756014342820336e-01,6.817880312736619430e-01
7.520002250358996942e-01,-6.401692000408858441e-01,-8.117327273439630675e-01,4.399620036164149095e-01
7.447785920899989698e-01,-6.918999443989481968e-01,-8.068762332030939843e-01,6.621814838714758233e-02
6.607812722829016217e-01,-5.809838758150418503e-01,-8.730715019210864014e-01,-2.919276892572399973e-01
6.956980448546530305e-01,-7.830141006801029091e-01,-7.642713745463636243e-01,-4.787034829224473542e-01
5.916570337014777081e-01,-6.226304759495182584e-01,-5.030463327305436660e-01,-7.655537350336970581e-01
8.338011833872613909e-01,-6.249501304757879572e-01,-2.564805851140595783e-01,-9.445297392564273586e-01
6.295773547711369655e-01,-6.685516380545382109e-01,1.275381299413123615e-01,-7.613304314798876593e-01
6.143393385246388450e-01,-7.629684699960659344e-01,5.356080751912508653e-01,-8.434073863302993246e-01
6.808876873063571811e-01,-6.597141567904838411e-01,7.450162369555524133e-01,-5.686273510990317304e-01
6.373148529282165464e-01,-7.340327468525003063e-01,8.344004665780253571e-01,-3.971816312917251235e-01
7.102071617964789141e-01,-7.754862611677769690e-01,1.048770204476742185e+00,-3.071798290992359126e-01
6.726586056401623326e-01,-7.558666110352367795e-01,1.013654153805914504e+00,1.700096601150344333e-01
1.046924610569379022e+00,-3.640498334322697649e-01,1.076377244595957405e+00,4.855046829371682526e-01
1.039100004334088334e+00,-5.699220490957122021e-01,9.169472873460092766e-01,7.490674489443187589e-01
8.221862437951454883e-01,-5.271636125582934707e-01,8.371753396705203798e-01,9.470944555018798727e-01
9.934815182541965051e-01,-5.743466542402948516e-01,5.119176396237781201e-01,1.005583698740973642e+00
8.762968509745863166e-01,-4.773547380263674089e-01,1.214129174745044726e-01,1.193091553403260674e+00
9.147258981271493283e-01,-5.844644521756602318e-01,-8.540505548309904049e-02,1.008063597195266281e+00
9.459847196786584922e-01,-3.634874145490803454e-01,-5.533986036007068066e-01,9.017331741182987859e-01
1.044701240444180890e+00,-5.386207044505653130e-01,-7.115157657636259625e-01,8.105174575488969246e-01
9.134530204541129184e-01,-5.644426231037000807e-01,-7.192174600456222588e-01,5.231112213070127082e-01
1.054780110992411313e+00,-5.109435273954933132e-01,-7.706265418959707958e-01,1.006083874533611616e-01
8.843807315529637059e-01,-4.737708355815379857e-01,-7.726630133965747271e-01,-2.295122150007635198e-01
9.842916833501789142e-01,-5.623679038862845481e-01,-6.544326484694624746e-01,-4.356263946337256554e-01
9.756017072710537752e-01,-3.389378203787004606e-01,-5.019632797321369466e-01,-5.814681877013269107e-01
9.437986106356615057e-01,-5.047620439293485362e-01,-7.501016270250512874e-02,-7.237819693449329961e-01
9.835433744200243744e-01,-5.134485483204929146e-01,3.119351016512296113e-02,-8.521013977731405342e-01
9.756489727255940325e-01,-5.722739469625651720e-01,4.916633347513740260e-01,-8.679136644612658325e-01
8.535501079750318354e-01,-5.132242593205323944e-01,7.494046103989263630e-01,-5.957510870724678220e-01
8.410205943049904320e-01,-5.761974360679281704e-01,1.017304990792271102e+00,-4.771857790321820669e-01
1.058787093065287621e+00,-4.614282166780476202e-01,1.050627073349847507e+00,-8.292812482046169054e-02
8.517972609640553916e-01,-3.974287806199450213e-01,1.187455552340158871e+00,8.294851488031612305e-03
9.592067214277855136e-01,-1.512494945715492367e-01,1.159861643914686269e+00,4.421236149999805409e-01
1.091356464472568621e+00,-2.865440816809247115e-01,8.896320937155123287e-01,7.669095889185686410e-01
1.171523141408105984e+00,-2.888013885923692015e-01,7.258506565070619310e-01,8.538424553303948228e-01
1.118350342428751976e+00,-1.147068602377118163e-01,5.537992774834205045e-01,1.035189747745419275e+00
9.986648330901420900e-01,-8.273330831905489902e-02,1.373271332545757395e-01,1.046928237143816887e+00
1.043285652811127173e+00,-1.755740064331975658e-01,-2.264110919732966465e-01,1.031538312090884535e+00
1.066238000610256531e+00,-2.817284413643329488e-01,-4.329173634980280627e-01,9.099811721824990762e-01
1.196466004037840980e+00,-1.025647799110480374e-01,-7.188578516243966376e-01,7.249268272567142013e-01
9.901577543517944280e-01,-2.244925646744046488e-01,-7.619291304196674774e-01,3.212016425705142009e-01
1.164937217756631282e+00,-2.355237311183266125e-01,-8.965248128274525552e-01,1.381830332947357465e-01
1.112247650512675490e+00,-1.224386374490277762e-01,-8.279702401989191829e-01,-2.403141431655721194e-01
1.045124568864861381e+00,-3.064328397890985212e-01,-6.353311860917949527e-01,-5.274098168589449465e-01
9.987874401042292627e-01,-2.969051595616420958e-01,-3.446017810225272537e-01,-7.482306995233096725e-01
1.058119764540000007e+00,-1.420379639815416983e-01,-2.270782542515958624e-01,-9.125166540026349304e-01
1.071562031553117578e+00,-1.581499984172552442e-01,2.094507957696437050e-01,-7.608959097479939260e-01
9.812094196194440787e-01,-1.774913779260573199e-01,4.937850511933292719e-01,-7.171411724160036139e-01
1.098433387468918276e+00,-1.265896323191406936e-01,8.263288663873586959e-01,-6.043383850728866191e-01
1.007603436233322380e+00,-1.322036230460922335e-01,8.169976517509419667e-01,-4.057197903367648628e-01
1.047211297387506290e+00,-1.136727314251283205e-01,1.040273762840788985e+00,-2.650640623060651624e-01
1.096803111982072032e+00,-2.370227504714048083e-01,1.165663458571803535e+00,9.009274426061314456e-02
1.062951530618078122e+00,1.731329965966294515e-01,1.021431906082276075e+00,3.562144875353486784e-01
1.072610166069244864e+00,1.391674587410028918e-01,8.666127612043134087e-01,5.880848515024840184e-01
1.154272721098305921e+00,9.913019814539789087e-02,7.655673900875543669e-01,8.881218728080831903e-01
1.066320227452507430e+00,1.539766676349091888e-02,4.651602236232745824e-01,1.125960762894417488e+00
1.206094066672208864e+00,1.950438828727931451e-01,1.476521632299090392e-01,1.156313795044760173e+00
1.245665849930487568e+00,8.439596601301102563e-02,-1.439075027967968712e-01,1.086822060131116485e+00
1.182562198066899439e+00,1.519664768157361900e-01,-5.758965840140064518e-01,9.187762952218647694e-01
1.085969251028745752e+00,1.853135123755542402e-01,-7.218207922474326743e-01,6.596420691631088573e-01
1.146017333319613085e+00,2.620331049337465759e-02,-8.382213712062177580e-01,4.344317710616200645e-01
1.026942253810935846e+00,3.197209494574854843e-02,-9.397737507199723783e-01,1.903865464174118172e-01
1.226577037662433201e+00,1.373850267537992387e-01,-7.722952629711095085e-01,-1.184149821777687739e-01
1.219913431120476233e+00,1.213073521462395832e-01,-5.949714213733754420e-01,-4.437712769183337347e-01
1.204440139842660518e+00,2.226189197961093158e-01,-5.174083285128349141e-01,-6.221012849645182197e-01
1.065181999763866072e+00,1.997400697032195860e-01,-1.262542869440121951e-01,-7.896728897998230856e-01
1.148589062666082627e+00,1.835852709239921832e-01,3.444072312987890572e-02,-9.691951204188734570e-01
1.005628148185057968e+00,1.283297152809251794e-02,5.181976898123765718e-01,-8.249570512719619497e-01
1.106314830053533704e+00,1.822132477474378356e-02,6.224356812280629203e-01,-7.222016661945391824e-01
1.078179721705153860e+00,2.213186491867985897e-02,9.560693407223207485e-01,-5.647483310911972643e-01
1.040371186077937438e+00,1.995877160284878493e-01,1.042595716408887929e+00,-2.720546273668179582e-01
1.044691546688091943e+00,2.357520348926754328e-01,1.201689886165276500e+00,4.954242526660019436e-02
